,0
0,"['alternative metal', 'metal', 'progressive death metal', 'progressive metal', 'rock', 'swedish metal', 'swedish progressive metal']"
1,"['alternative metal', 'metal', 'progressive death metal', 'progressive metal', 'rock', 'swedish metal', 'swedish progressive metal']"
2,"['alternative metal', 'metal', 'progressive death metal', 'progressive metal', 'rock', 'swedish metal', 'swedish progressive metal']"
3,"['alternative metal', 'metal', 'progressive death metal', 'progressive metal', 'rock', 'swedish metal', 'swedish progressive metal']"
4,"['alternative metal', 'metal', 'progressive death metal', 'progressive metal', 'rock', 'swedish metal', 'swedish progressive metal']"
5,"['alternative metal', 'metal', 'progressive death metal', 'progressive metal', 'rock', 'swedish metal', 'swedish progressive metal']"
6,"['alternative metal', 'metal', 'progressive death metal', 'progressive metal', 'rock', 'swedish metal', 'swedish progressive metal']"
7,"['alternative metal', 'metal', 'progressive death metal', 'progressive metal', 'rock', 'swedish metal', 'swedish progressive metal']"
8,[]
9,"['baroque', 'classical', 'early music', 'german baroque']"
10,"['baroque', 'classical', 'early music', 'german baroque']"
11,"['baroque', 'classical', 'early music', 'german baroque']"
12,"['baroque', 'classical', 'early music', 'german baroque']"
13,"['baroque', 'classical', 'early music', 'german baroque']"
14,"['baroque', 'classical', 'early music', 'german baroque']"
15,"['baroque', 'classical', 'early music', 'german baroque']"
16,"['baroque', 'classical', 'early music', 'german baroque']"
17,"['baroque', 'classical', 'early music', 'german baroque']"
18,"['baroque', 'classical', 'early music', 'german baroque']"
19,"['baroque', 'classical', 'early music', 'german baroque']"
20,"['baroque', 'classical', 'early music', 'german baroque']"
21,"['baroque', 'classical', 'early music', 'german baroque']"
22,"['baroque', 'classical', 'early music', 'german baroque']"
23,"['baroque', 'classical', 'early music', 'german baroque']"
24,"['baroque', 'classical', 'early music', 'german baroque']"
25,"['baroque', 'classical', 'early music', 'german baroque']"
26,"['baroque', 'classical', 'early music', 'german baroque']"
27,"['baroque', 'classical', 'early music', 'german baroque']"
28,"['baroque', 'classical', 'early music', 'german baroque']"
29,"['baroque', 'classical', 'early music', 'german baroque']"
30,"['baroque', 'classical', 'early music', 'german baroque']"
31,"['baroque', 'classical', 'early music', 'german baroque']"
32,"['baroque', 'classical', 'early music', 'german baroque']"
33,"['baroque', 'classical', 'early music', 'german baroque']"
34,"['baroque', 'classical', 'early music', 'german baroque']"
35,"['baroque', 'classical', 'early music', 'german baroque']"
36,"['baroque', 'classical', 'early music', 'german baroque']"
37,"['baroque', 'classical', 'early music', 'german baroque']"
38,"['baroque', 'classical', 'early music', 'german baroque']"
39,"['baroque', 'classical', 'early music', 'german baroque']"
40,"['baroque', 'classical', 'early music', 'german baroque']"
41,"['underground hip hop', 'vapor trap']"
42,"['alternative hip hop', 'hardcore hip hop', 'hip hop']"
43,"['alternative hip hop', 'hardcore hip hop', 'hip hop']"
44,"['alternative hip hop', 'hardcore hip hop', 'hip hop']"
45,"['alternative hip hop', 'hardcore hip hop', 'hip hop']"
46,"['alternative hip hop', 'hardcore hip hop', 'hip hop']"
47,"['alternative hip hop', 'hardcore hip hop', 'hip hop']"
48,"['alternative hip hop', 'hardcore hip hop', 'hip hop']"
49,"['alternative hip hop', 'hardcore hip hop', 'hip hop']"
50,"['alternative hip hop', 'hardcore hip hop', 'hip hop']"
51,"['alternative hip hop', 'hardcore hip hop', 'hip hop']"
52,"['alternative hip hop', 'hardcore hip hop', 'hip hop']"
53,"['alternative hip hop', 'hardcore hip hop', 'hip hop']"
54,"['alternative hip hop', 'hardcore hip hop', 'hip hop']"
55,"['ambient', 'art pop', 'canadian experimental', 'compositional ambient', 'dream pop', 'drone', 'electronica', 'experimental', 'fourth world', 'intelligent dance music', 'microhouse', 'new isolationism', 'warm drone']"
56,"['ambient', 'art pop', 'canadian experimental', 'compositional ambient', 'dream pop', 'drone', 'electronica', 'experimental', 'fourth world', 'intelligent dance music', 'microhouse', 'new isolationism', 'warm drone']"
57,"['ambient', 'art pop', 'canadian experimental', 'compositional ambient', 'dream pop', 'drone', 'electronica', 'experimental', 'fourth world', 'intelligent dance music', 'microhouse', 'new isolationism', 'warm drone']"
58,"['ambient', 'art pop', 'canadian experimental', 'compositional ambient', 'dream pop', 'drone', 'electronica', 'experimental', 'fourth world', 'intelligent dance music', 'microhouse', 'new isolationism', 'warm drone']"
59,"['ambient', 'art pop', 'canadian experimental', 'compositional ambient', 'dream pop', 'drone', 'electronica', 'experimental', 'fourth world', 'intelligent dance music', 'microhouse', 'new isolationism', 'warm drone']"
60,"['ambient', 'art pop', 'canadian experimental', 'compositional ambient', 'dream pop', 'drone', 'electronica', 'experimental', 'fourth world', 'intelligent dance music', 'microhouse', 'new isolationism', 'warm drone']"
61,"['ambient', 'art pop', 'canadian experimental', 'compositional ambient', 'dream pop', 'drone', 'electronica', 'experimental', 'fourth world', 'intelligent dance music', 'microhouse', 'new isolationism', 'warm drone']"
62,"['ambient', 'art pop', 'canadian experimental', 'compositional ambient', 'dream pop', 'drone', 'electronica', 'experimental', 'fourth world', 'intelligent dance music', 'microhouse', 'new isolationism', 'warm drone']"
63,"['ambient', 'art pop', 'canadian experimental', 'compositional ambient', 'dream pop', 'drone', 'electronica', 'experimental', 'fourth world', 'intelligent dance music', 'microhouse', 'new isolationism', 'warm drone']"
64,"['ambient', 'art pop', 'canadian experimental', 'compositional ambient', 'dream pop', 'drone', 'electronica', 'experimental', 'fourth world', 'intelligent dance music', 'microhouse', 'new isolationism', 'warm drone']"
65,"['east coast hip hop', 'hip hop', 'rap']"
66,"['east coast hip hop', 'hip hop', 'rap']"
67,"['east coast hip hop', 'hip hop', 'rap']"
68,"['east coast hip hop', 'hip hop', 'rap']"
69,"['east coast hip hop', 'hip hop', 'rap']"
70,"['east coast hip hop', 'hip hop', 'rap']"
71,"['east coast hip hop', 'hip hop', 'rap']"
72,"['east coast hip hop', 'hip hop', 'rap']"
73,"['east coast hip hop', 'hip hop', 'rap']"
74,"['east coast hip hop', 'hip hop', 'rap']"
75,"['east coast hip hop', 'hip hop', 'rap']"
76,"['east coast hip hop', 'hip hop', 'rap']"
77,"['east coast hip hop', 'hip hop', 'rap']"
78,"['east coast hip hop', 'hip hop', 'rap']"
79,"['alternative rock', 'anti-folk', 'art pop', 'bay area indie', 'dream pop', 'escape room', 'experimental', 'experimental pop', 'experimental rock', 'grave wave', 'noise pop']"
80,"['alternative rock', 'anti-folk', 'art pop', 'bay area indie', 'dream pop', 'escape room', 'experimental', 'experimental pop', 'experimental rock', 'grave wave', 'noise pop']"
81,"['alternative rock', 'anti-folk', 'art pop', 'bay area indie', 'dream pop', 'escape room', 'experimental', 'experimental pop', 'experimental rock', 'grave wave', 'noise pop']"
82,"['alternative rock', 'anti-folk', 'art pop', 'bay area indie', 'dream pop', 'escape room', 'experimental', 'experimental pop', 'experimental rock', 'grave wave', 'noise pop']"
83,"['alternative rock', 'anti-folk', 'art pop', 'bay area indie', 'dream pop', 'escape room', 'experimental', 'experimental pop', 'experimental rock', 'grave wave', 'noise pop']"
84,"['alternative rock', 'anti-folk', 'art pop', 'bay area indie', 'dream pop', 'escape room', 'experimental', 'experimental pop', 'experimental rock', 'grave wave', 'noise pop']"
85,"['alternative rock', 'anti-folk', 'art pop', 'bay area indie', 'dream pop', 'escape room', 'experimental', 'experimental pop', 'experimental rock', 'grave wave', 'noise pop']"
86,"['alternative rock', 'anti-folk', 'art pop', 'bay area indie', 'dream pop', 'escape room', 'experimental', 'experimental pop', 'experimental rock', 'grave wave', 'noise pop']"
87,"['alternative rock', 'anti-folk', 'art pop', 'bay area indie', 'dream pop', 'escape room', 'experimental', 'experimental pop', 'experimental rock', 'grave wave', 'noise pop']"
88,"['alternative rock', 'anti-folk', 'art pop', 'bay area indie', 'dream pop', 'escape room', 'experimental', 'experimental pop', 'experimental rock', 'grave wave', 'noise pop']"
89,"['alternative rock', 'blues rock', 'detroit rock', 'garage rock', 'modern blues rock', 'modern rock', 'permanent wave', 'punk blues', 'rock']"
90,"['alternative rock', 'blues rock', 'detroit rock', 'garage rock', 'modern blues rock', 'modern rock', 'permanent wave', 'punk blues', 'rock']"
91,"['alternative rock', 'blues rock', 'detroit rock', 'garage rock', 'modern blues rock', 'modern rock', 'permanent wave', 'punk blues', 'rock']"
92,"['alternative rock', 'blues rock', 'detroit rock', 'garage rock', 'modern blues rock', 'modern rock', 'permanent wave', 'punk blues', 'rock']"
93,"['alternative rock', 'blues rock', 'detroit rock', 'garage rock', 'modern blues rock', 'modern rock', 'permanent wave', 'punk blues', 'rock']"
94,"['alternative rock', 'blues rock', 'detroit rock', 'garage rock', 'modern blues rock', 'modern rock', 'permanent wave', 'punk blues', 'rock']"
95,"['alternative rock', 'blues rock', 'detroit rock', 'garage rock', 'modern blues rock', 'modern rock', 'permanent wave', 'punk blues', 'rock']"
96,"['alternative rock', 'blues rock', 'detroit rock', 'garage rock', 'modern blues rock', 'modern rock', 'permanent wave', 'punk blues', 'rock']"
97,"['alternative rock', 'blues rock', 'detroit rock', 'garage rock', 'modern blues rock', 'modern rock', 'permanent wave', 'punk blues', 'rock']"
98,"['alternative rock', 'blues rock', 'detroit rock', 'garage rock', 'modern blues rock', 'modern rock', 'permanent wave', 'punk blues', 'rock']"
99,"['alternative rock', 'blues rock', 'detroit rock', 'garage rock', 'modern blues rock', 'modern rock', 'permanent wave', 'punk blues', 'rock']"
100,"['alternative rock', 'blues rock', 'detroit rock', 'garage rock', 'modern blues rock', 'modern rock', 'permanent wave', 'punk blues', 'rock']"
101,"['alternative rock', 'blues rock', 'detroit rock', 'garage rock', 'modern blues rock', 'modern rock', 'permanent wave', 'punk blues', 'rock']"
102,"['alternative rock', 'blues rock', 'detroit rock', 'garage rock', 'modern blues rock', 'modern rock', 'permanent wave', 'punk blues', 'rock']"
103,"['alternative rock', 'art rock', 'melancholia', 'oxford indie', 'permanent wave', 'rock']"
104,"['alternative rock', 'art rock', 'melancholia', 'oxford indie', 'permanent wave', 'rock']"
105,"['alternative rock', 'art rock', 'melancholia', 'oxford indie', 'permanent wave', 'rock']"
106,"['alternative rock', 'art rock', 'melancholia', 'oxford indie', 'permanent wave', 'rock']"
107,"['alternative rock', 'art rock', 'melancholia', 'oxford indie', 'permanent wave', 'rock']"
108,"['alternative rock', 'art rock', 'melancholia', 'oxford indie', 'permanent wave', 'rock']"
109,"['alternative rock', 'art rock', 'melancholia', 'oxford indie', 'permanent wave', 'rock']"
110,"['alternative rock', 'art rock', 'melancholia', 'oxford indie', 'permanent wave', 'rock']"
111,"['alternative rock', 'art rock', 'melancholia', 'oxford indie', 'permanent wave', 'rock']"
112,"['alternative rock', 'art rock', 'melancholia', 'oxford indie', 'permanent wave', 'rock']"
113,"['alternative rock', 'art rock', 'melancholia', 'oxford indie', 'permanent wave', 'rock']"
114,"['alternative rock', 'art rock', 'melancholia', 'oxford indie', 'permanent wave', 'rock']"
115,"['alternative rock', 'art rock', 'melancholia', 'oxford indie', 'permanent wave', 'rock']"
116,"['alternative rock', 'art rock', 'melancholia', 'oxford indie', 'permanent wave', 'rock']"
117,"['black metal', 'finnish metal', 'folk black metal', 'folk metal', 'greek metal', 'metal', 'nordic folk metal', 'pagan black metal', 'viking metal']"
118,"['black metal', 'finnish metal', 'folk black metal', 'folk metal', 'greek metal', 'metal', 'nordic folk metal', 'pagan black metal', 'viking metal']"
119,"['black metal', 'finnish metal', 'folk black metal', 'folk metal', 'greek metal', 'metal', 'nordic folk metal', 'pagan black metal', 'viking metal']"
120,"['black metal', 'finnish metal', 'folk black metal', 'folk metal', 'greek metal', 'metal', 'nordic folk metal', 'pagan black metal', 'viking metal']"
121,"['black metal', 'finnish metal', 'folk black metal', 'folk metal', 'greek metal', 'metal', 'nordic folk metal', 'pagan black metal', 'viking metal']"
122,"['black metal', 'finnish metal', 'folk black metal', 'folk metal', 'greek metal', 'metal', 'nordic folk metal', 'pagan black metal', 'viking metal']"
123,"['black metal', 'finnish metal', 'folk black metal', 'folk metal', 'greek metal', 'metal', 'nordic folk metal', 'pagan black metal', 'viking metal']"
124,"['black metal', 'finnish metal', 'folk black metal', 'folk metal', 'greek metal', 'metal', 'nordic folk metal', 'pagan black metal', 'viking metal']"
125,"['black metal', 'finnish metal', 'folk black metal', 'folk metal', 'greek metal', 'metal', 'nordic folk metal', 'pagan black metal', 'viking metal']"
126,"['alternative hip hop', 'east coast hip hop', 'hardcore hip hop', 'hip hop', 'jazz boom bap', 'jazz rap', 'turntablism']"
127,"['alternative hip hop', 'east coast hip hop', 'hardcore hip hop', 'hip hop', 'jazz boom bap', 'jazz rap', 'turntablism']"
128,"['alternative hip hop', 'east coast hip hop', 'hardcore hip hop', 'hip hop', 'jazz boom bap', 'jazz rap', 'turntablism']"
129,"['alternative hip hop', 'east coast hip hop', 'hardcore hip hop', 'hip hop', 'jazz boom bap', 'jazz rap', 'turntablism']"
130,"['alternative hip hop', 'east coast hip hop', 'hardcore hip hop', 'hip hop', 'jazz boom bap', 'jazz rap', 'turntablism']"
131,"['alternative hip hop', 'east coast hip hop', 'hardcore hip hop', 'hip hop', 'jazz boom bap', 'jazz rap', 'turntablism']"
132,"['alternative hip hop', 'east coast hip hop', 'hardcore hip hop', 'hip hop', 'jazz boom bap', 'jazz rap', 'turntablism']"
133,"['alternative hip hop', 'east coast hip hop', 'hardcore hip hop', 'hip hop', 'jazz boom bap', 'jazz rap', 'turntablism']"
134,"['alternative hip hop', 'east coast hip hop', 'hardcore hip hop', 'hip hop', 'jazz boom bap', 'jazz rap', 'turntablism']"
135,"['alternative hip hop', 'east coast hip hop', 'hardcore hip hop', 'hip hop', 'jazz boom bap', 'jazz rap', 'turntablism']"
136,"['alternative hip hop', 'east coast hip hop', 'hardcore hip hop', 'hip hop', 'jazz boom bap', 'jazz rap', 'turntablism']"
137,"['alternative hip hop', 'east coast hip hop', 'hardcore hip hop', 'hip hop', 'jazz boom bap', 'jazz rap', 'turntablism']"
138,"['alternative hip hop', 'east coast hip hop', 'hardcore hip hop', 'hip hop', 'jazz boom bap', 'jazz rap', 'turntablism']"
139,"['alternative hip hop', 'east coast hip hop', 'hardcore hip hop', 'hip hop', 'jazz boom bap', 'jazz rap', 'turntablism']"
140,"['alternative hip hop', 'east coast hip hop', 'hardcore hip hop', 'hip hop', 'jazz boom bap', 'jazz rap', 'turntablism']"
141,"['alternative hip hop', 'east coast hip hop', 'hardcore hip hop', 'hip hop', 'jazz boom bap', 'jazz rap', 'turntablism']"
142,"['chillhop', 'downtempo', 'japanese chillhop', 'japanese old school hip hop', 'jazz rap']"
143,"['chillhop', 'downtempo', 'japanese chillhop', 'japanese old school hip hop', 'jazz rap']"
144,"['chillhop', 'downtempo', 'japanese chillhop', 'japanese old school hip hop', 'jazz rap']"
145,"['chillhop', 'downtempo', 'japanese chillhop', 'japanese old school hip hop', 'jazz rap']"
146,"['chillhop', 'downtempo', 'japanese chillhop', 'japanese old school hip hop', 'jazz rap']"
147,"['chillhop', 'downtempo', 'japanese chillhop', 'japanese old school hip hop', 'jazz rap']"
148,"['chillhop', 'downtempo', 'japanese chillhop', 'japanese old school hip hop', 'jazz rap']"
149,"['chillhop', 'downtempo', 'japanese chillhop', 'japanese old school hip hop', 'jazz rap']"
150,"['chillhop', 'downtempo', 'japanese chillhop', 'japanese old school hip hop', 'jazz rap']"
151,"['chillhop', 'downtempo', 'japanese chillhop', 'japanese old school hip hop', 'jazz rap']"
152,"['chillhop', 'downtempo', 'japanese chillhop', 'japanese old school hip hop', 'jazz rap']"
153,"['chillhop', 'downtempo', 'japanese chillhop', 'japanese old school hip hop', 'jazz rap']"
154,"['chillhop', 'downtempo', 'japanese chillhop', 'japanese old school hip hop', 'jazz rap']"
155,"['chillhop', 'downtempo', 'japanese chillhop', 'japanese old school hip hop', 'jazz rap']"
156,"['chillhop', 'downtempo', 'japanese chillhop', 'japanese old school hip hop', 'jazz rap']"
157,"['classical', 'classical era']"
158,"['classical', 'classical era']"
159,"['classical', 'classical era']"
160,"['classical', 'classical era']"
161,"['classical', 'classical era']"
162,"['classical', 'classical era']"
163,"['classical', 'classical era']"
164,"['classical', 'classical era']"
165,"['classical', 'classical era']"
166,"['classical', 'classical era']"
167,"['classical', 'classical era']"
168,"['classical', 'classical era']"
169,"['classical', 'classical era']"
170,"['classical', 'classical era']"
171,"['classical', 'classical era']"
172,"['classical', 'classical era']"
173,"['classical', 'classical era']"
174,"['classical', 'classical era']"
175,"['classical', 'classical era']"
176,"['classical', 'classical era']"
177,"['classical', 'classical era']"
178,"['classical', 'classical era']"
179,"['classical', 'classical era']"
180,"['classical', 'classical era']"
181,"['cantautor', 'latin rock', 'spanish folk rock', 'spanish indie pop', 'spanish noise pop']"
182,"['cantautor', 'latin rock', 'spanish folk rock', 'spanish indie pop', 'spanish noise pop']"
183,"['cantautor', 'latin rock', 'spanish folk rock', 'spanish indie pop', 'spanish noise pop']"
184,"['cantautor', 'latin rock', 'spanish folk rock', 'spanish indie pop', 'spanish noise pop']"
185,"['cantautor', 'latin rock', 'spanish folk rock', 'spanish indie pop', 'spanish noise pop']"
186,"['cantautor', 'latin rock', 'spanish folk rock', 'spanish indie pop', 'spanish noise pop']"
187,"['cantautor', 'latin rock', 'spanish folk rock', 'spanish indie pop', 'spanish noise pop']"
188,"['cantautor', 'latin rock', 'spanish folk rock', 'spanish indie pop', 'spanish noise pop']"
189,"['cantautor', 'latin rock', 'spanish folk rock', 'spanish indie pop', 'spanish noise pop']"
190,"['cantautor', 'latin rock', 'spanish folk rock', 'spanish indie pop', 'spanish noise pop']"
191,"['cantautor', 'latin rock', 'spanish folk rock', 'spanish indie pop', 'spanish noise pop']"
192,"['cantautor', 'latin rock', 'spanish folk rock', 'spanish indie pop', 'spanish noise pop']"
193,"['cantautor', 'latin rock', 'spanish folk rock', 'spanish indie pop', 'spanish noise pop']"
194,"['cantautor', 'latin rock', 'spanish folk rock', 'spanish indie pop', 'spanish noise pop']"
195,"['cantautor', 'latin rock', 'spanish folk rock', 'spanish indie pop', 'spanish noise pop']"
196,"['cantautor', 'latin rock', 'spanish folk rock', 'spanish indie pop', 'spanish noise pop']"
197,"['cantautor', 'latin rock', 'spanish folk rock', 'spanish indie pop', 'spanish noise pop']"
198,"['cantautor', 'latin rock', 'spanish folk rock', 'spanish indie pop', 'spanish noise pop']"
199,"['cantautor', 'latin rock', 'spanish folk rock', 'spanish indie pop', 'spanish noise pop']"
200,"['cantautor', 'latin rock', 'spanish folk rock', 'spanish indie pop', 'spanish noise pop']"
201,"['cantautor', 'latin rock', 'spanish folk rock', 'spanish indie pop', 'spanish noise pop']"
202,"['cantautor', 'latin rock', 'spanish folk rock', 'spanish indie pop', 'spanish noise pop']"
203,"['cantautor', 'latin rock', 'spanish folk rock', 'spanish indie pop', 'spanish noise pop']"
204,"['cantautor', 'latin rock', 'spanish folk rock', 'spanish indie pop', 'spanish noise pop']"
205,"['art rock', 'classic uk pop', 'melancholia', 'new romantic', 'new wave', 'new wave pop', 'sophisti-pop']"
206,"['art rock', 'classic uk pop', 'melancholia', 'new romantic', 'new wave', 'new wave pop', 'sophisti-pop']"
207,"['art rock', 'classic uk pop', 'melancholia', 'new romantic', 'new wave', 'new wave pop', 'sophisti-pop']"
208,"['art rock', 'classic uk pop', 'melancholia', 'new romantic', 'new wave', 'new wave pop', 'sophisti-pop']"
209,"['art rock', 'classic uk pop', 'melancholia', 'new romantic', 'new wave', 'new wave pop', 'sophisti-pop']"
210,"['art rock', 'classic uk pop', 'melancholia', 'new romantic', 'new wave', 'new wave pop', 'sophisti-pop']"
211,"['art rock', 'classic uk pop', 'melancholia', 'new romantic', 'new wave', 'new wave pop', 'sophisti-pop']"
212,"['art rock', 'classic uk pop', 'melancholia', 'new romantic', 'new wave', 'new wave pop', 'sophisti-pop']"
213,"['art rock', 'classic uk pop', 'melancholia', 'new romantic', 'new wave', 'new wave pop', 'sophisti-pop']"
214,"['melodic metal', 'neo classical metal', 'power metal', 'progressive power metal', 'swedish power metal']"
215,"['melodic metal', 'neo classical metal', 'power metal', 'progressive power metal', 'swedish power metal']"
216,"['melodic metal', 'neo classical metal', 'power metal', 'progressive power metal', 'swedish power metal']"
217,"['melodic metal', 'neo classical metal', 'power metal', 'progressive power metal', 'swedish power metal']"
218,"['melodic metal', 'neo classical metal', 'power metal', 'progressive power metal', 'swedish power metal']"
219,"['melodic metal', 'neo classical metal', 'power metal', 'progressive power metal', 'swedish power metal']"
220,"['melodic metal', 'neo classical metal', 'power metal', 'progressive power metal', 'swedish power metal']"
221,"['melodic metal', 'neo classical metal', 'power metal', 'progressive power metal', 'swedish power metal']"
222,"['melodic metal', 'neo classical metal', 'power metal', 'progressive power metal', 'swedish power metal']"
223,"['alternative metal', 'funk metal', 'nu metal', 'rap metal', 'rock']"
224,"['alternative metal', 'funk metal', 'nu metal', 'rap metal', 'rock']"
225,"['alternative metal', 'funk metal', 'nu metal', 'rap metal', 'rock']"
226,"['alternative metal', 'funk metal', 'nu metal', 'rap metal', 'rock']"
227,"['alternative metal', 'funk metal', 'nu metal', 'rap metal', 'rock']"
228,"['alternative metal', 'funk metal', 'nu metal', 'rap metal', 'rock']"
229,"['alternative metal', 'funk metal', 'nu metal', 'rap metal', 'rock']"
230,"['alternative metal', 'funk metal', 'nu metal', 'rap metal', 'rock']"
231,"['alternative metal', 'funk metal', 'nu metal', 'rap metal', 'rock']"
232,"['contemporary country', 'outlaw country']"
233,"['contemporary country', 'outlaw country']"
234,"['contemporary country', 'outlaw country']"
235,"['contemporary country', 'outlaw country']"
236,"['contemporary country', 'outlaw country']"
237,"['contemporary country', 'outlaw country']"
238,"['contemporary country', 'outlaw country']"
239,"['contemporary country', 'outlaw country']"
240,"['contemporary country', 'outlaw country']"
241,"['contemporary country', 'outlaw country']"
242,"['contemporary country', 'outlaw country']"
243,"['contemporary country', 'outlaw country']"
244,"['contemporary country', 'outlaw country']"
245,"['contemporary country', 'outlaw country']"
246,"['abstract hip hop', 'alternative hip hop', 'hip hop', 'psychedelic hip hop', 'rap']"
247,"['abstract hip hop', 'alternative hip hop', 'hip hop', 'psychedelic hip hop', 'rap']"
248,"['abstract hip hop', 'alternative hip hop', 'hip hop', 'psychedelic hip hop', 'rap']"
249,"['abstract hip hop', 'alternative hip hop', 'hip hop', 'psychedelic hip hop', 'rap']"
250,"['abstract hip hop', 'alternative hip hop', 'hip hop', 'psychedelic hip hop', 'rap']"
251,"['abstract hip hop', 'alternative hip hop', 'hip hop', 'psychedelic hip hop', 'rap']"
252,"['abstract hip hop', 'alternative hip hop', 'hip hop', 'psychedelic hip hop', 'rap']"
253,"['abstract hip hop', 'alternative hip hop', 'hip hop', 'psychedelic hip hop', 'rap']"
254,"['abstract hip hop', 'alternative hip hop', 'hip hop', 'psychedelic hip hop', 'rap']"
255,"['abstract hip hop', 'alternative hip hop', 'hip hop', 'psychedelic hip hop', 'rap']"
256,"['abstract hip hop', 'alternative hip hop', 'hip hop', 'psychedelic hip hop', 'rap']"
257,"['abstract hip hop', 'alternative hip hop', 'hip hop', 'psychedelic hip hop', 'rap']"
258,"['abstract hip hop', 'alternative hip hop', 'hip hop', 'psychedelic hip hop', 'rap']"
259,"['abstract hip hop', 'alternative hip hop', 'hip hop', 'psychedelic hip hop', 'rap']"
260,"['abstract hip hop', 'alternative hip hop', 'hip hop', 'psychedelic hip hop', 'rap']"
261,"['abstract hip hop', 'alternative hip hop', 'hip hop', 'psychedelic hip hop', 'rap']"
262,"['abstract hip hop', 'alternative hip hop', 'hip hop', 'psychedelic hip hop', 'rap']"
263,"['abstract hip hop', 'alternative hip hop', 'hip hop', 'psychedelic hip hop', 'rap']"
264,"['abstract hip hop', 'alternative hip hop', 'hip hop', 'psychedelic hip hop', 'rap']"
265,"['abstract hip hop', 'alternative hip hop', 'hip hop', 'psychedelic hip hop', 'rap']"
266,"['abstract hip hop', 'alternative hip hop', 'hip hop', 'psychedelic hip hop', 'rap']"
267,"['abstract hip hop', 'alternative hip hop', 'hip hop', 'psychedelic hip hop', 'rap']"
268,"['chicago rap', 'rap']"
269,"['chicago rap', 'rap']"
270,"['chicago rap', 'rap']"
271,"['chicago rap', 'rap']"
272,"['chicago rap', 'rap']"
273,"['chicago rap', 'rap']"
274,"['chicago rap', 'rap']"
275,"['chicago rap', 'rap']"
276,"['chicago rap', 'rap']"
277,"['chicago rap', 'rap']"
278,"['chicago rap', 'rap']"
279,"['chicago rap', 'dirty south rap', 'gangster rap', 'hip hop', 'pop rap', 'r&b', 'rap', 'trap', 'urban contemporary']"
280,"['chicago rap', 'rap']"
281,"['chicago rap', 'rap']"
282,"['chicago rap', 'rap']"
283,"['chicago rap', 'rap']"
284,"['chicago rap', 'rap']"
285,"['chicago rap', 'rap']"
286,"['chicago rap', 'rap']"
287,"['chicago rap', 'rap']"
288,"['chicago rap', 'rap']"
289,"['hip hop', 'new orleans rap', 'pop rap', 'rap', 'trap']"
290,"['hip hop', 'new orleans rap', 'pop rap', 'rap', 'trap']"
291,"['hip hop', 'new orleans rap', 'pop rap', 'rap', 'trap']"
292,"['hip hop', 'new orleans rap', 'pop rap', 'rap', 'trap']"
293,"['hip hop', 'new orleans rap', 'pop rap', 'rap', 'trap']"
294,"['hip hop', 'new orleans rap', 'pop rap', 'rap', 'trap']"
295,"['hip hop', 'new orleans rap', 'pop rap', 'rap', 'trap']"
296,"['hip hop', 'new orleans rap', 'pop rap', 'rap', 'trap']"
297,"['hip hop', 'new orleans rap', 'pop rap', 'rap', 'trap']"
298,"['hip hop', 'new orleans rap', 'pop rap', 'rap', 'trap']"
299,"['hip hop', 'new orleans rap', 'pop rap', 'rap', 'trap']"
300,"['hip hop', 'new orleans rap', 'pop rap', 'rap', 'trap']"
301,"['hip hop', 'new orleans rap', 'pop rap', 'rap', 'trap']"
302,"['hip hop', 'new orleans rap', 'pop rap', 'rap', 'trap']"
303,"['hip hop', 'new orleans rap', 'pop rap', 'rap', 'trap']"
304,"['hip hop', 'new orleans rap', 'pop rap', 'rap', 'trap']"
305,"['hip hop', 'new orleans rap', 'pop rap', 'rap', 'trap']"
306,"['hip hop', 'new orleans rap', 'pop rap', 'rap', 'trap']"
307,"['hip hop', 'new orleans rap', 'pop rap', 'rap', 'trap']"
308,"['hip hop', 'new orleans rap', 'pop rap', 'rap', 'trap']"
309,"['hip hop', 'new orleans rap', 'pop rap', 'rap', 'trap']"
310,"['hip hop', 'new orleans rap', 'pop rap', 'rap', 'trap']"
311,"['hip hop', 'new orleans rap', 'pop rap', 'rap', 'trap']"
312,"['hip hop', 'new orleans rap', 'pop rap', 'rap', 'trap']"
313,"['alternative metal', 'atmospheric post-metal', 'atmospheric sludge', 'drone metal', 'post-doom metal', 'post-metal', 'post-rock', 'sludge metal']"
314,"['alternative metal', 'atmospheric post-metal', 'atmospheric sludge', 'drone metal', 'post-doom metal', 'post-metal', 'post-rock', 'sludge metal']"
315,"['alternative metal', 'atmospheric post-metal', 'atmospheric sludge', 'drone metal', 'post-doom metal', 'post-metal', 'post-rock', 'sludge metal']"
316,"['alternative metal', 'atmospheric post-metal', 'atmospheric sludge', 'drone metal', 'post-doom metal', 'post-metal', 'post-rock', 'sludge metal']"
317,"['alternative metal', 'atmospheric post-metal', 'atmospheric sludge', 'drone metal', 'post-doom metal', 'post-metal', 'post-rock', 'sludge metal']"
318,"['alternative metal', 'atmospheric post-metal', 'atmospheric sludge', 'drone metal', 'post-doom metal', 'post-metal', 'post-rock', 'sludge metal']"
319,"['alternative metal', 'atmospheric post-metal', 'atmospheric sludge', 'drone metal', 'post-doom metal', 'post-metal', 'post-rock', 'sludge metal']"
320,"['alternative metal', 'atlanta metal', 'hard rock', 'metal', 'nu metal', 'progressive groove metal', 'progressive sludge', 'rock', 'sludge metal', 'stoner metal']"
321,"['alternative metal', 'atlanta metal', 'hard rock', 'metal', 'nu metal', 'progressive groove metal', 'progressive sludge', 'rock', 'sludge metal', 'stoner metal']"
322,"['alternative metal', 'atlanta metal', 'hard rock', 'metal', 'nu metal', 'progressive groove metal', 'progressive sludge', 'rock', 'sludge metal', 'stoner metal']"
323,"['alternative metal', 'atlanta metal', 'hard rock', 'metal', 'nu metal', 'progressive groove metal', 'progressive sludge', 'rock', 'sludge metal', 'stoner metal']"
324,"['alternative metal', 'atlanta metal', 'hard rock', 'metal', 'nu metal', 'progressive groove metal', 'progressive sludge', 'rock', 'sludge metal', 'stoner metal']"
325,"['alternative metal', 'atlanta metal', 'hard rock', 'metal', 'nu metal', 'progressive groove metal', 'progressive sludge', 'rock', 'sludge metal', 'stoner metal']"
326,"['alternative metal', 'atlanta metal', 'hard rock', 'metal', 'nu metal', 'progressive groove metal', 'progressive sludge', 'rock', 'sludge metal', 'stoner metal']"
327,"['alternative metal', 'atlanta metal', 'hard rock', 'metal', 'nu metal', 'progressive groove metal', 'progressive sludge', 'rock', 'sludge metal', 'stoner metal']"
328,"['alternative metal', 'atlanta metal', 'hard rock', 'metal', 'nu metal', 'progressive groove metal', 'progressive sludge', 'rock', 'sludge metal', 'stoner metal']"
329,"['alternative metal', 'atlanta metal', 'hard rock', 'metal', 'nu metal', 'progressive groove metal', 'progressive sludge', 'rock', 'sludge metal', 'stoner metal']"
330,"['classical', 'classical era', 'early romantic era', 'german romanticism']"
331,"['classical', 'classical era', 'early romantic era', 'german romanticism']"
332,"['classical', 'classical era', 'early romantic era', 'german romanticism']"
333,"['classical', 'classical era', 'early romantic era', 'german romanticism']"
334,"['classical', 'classical era', 'early romantic era', 'german romanticism']"
335,"['classical', 'classical era', 'early romantic era', 'german romanticism']"
336,"['classical', 'classical era', 'early romantic era', 'german romanticism']"
337,"['classical', 'classical era', 'early romantic era', 'german romanticism']"
338,"['classical', 'classical era', 'early romantic era', 'german romanticism']"
339,"['classical', 'classical era', 'early romantic era', 'german romanticism']"
340,"['classical', 'classical era', 'early romantic era', 'german romanticism']"
341,"['classical', 'classical era', 'early romantic era', 'german romanticism']"
342,"['classical', 'classical era', 'early romantic era', 'german romanticism']"
343,"['classical', 'classical era', 'early romantic era', 'german romanticism']"
344,"['classical', 'classical era', 'early romantic era', 'german romanticism']"
345,"['classical', 'classical era', 'early romantic era', 'german romanticism']"
346,"['classical', 'classical era', 'early romantic era', 'german romanticism']"
347,"['classical', 'classical era', 'early romantic era', 'german romanticism']"
348,"['classical', 'classical era', 'early romantic era', 'german romanticism']"
349,"['classical', 'classical era', 'early romantic era', 'german romanticism']"
350,"['classical', 'classical era', 'early romantic era', 'german romanticism']"
351,"['classical', 'classical era', 'early romantic era', 'german romanticism']"
352,"['classical', 'classical era', 'early romantic era', 'german romanticism']"
353,"['classical', 'classical era', 'early romantic era', 'german romanticism']"
354,"['classical', 'classical era', 'early romantic era', 'german romanticism']"
355,"['classical', 'classical era', 'early romantic era', 'german romanticism']"
356,"['classical', 'classical era', 'early romantic era', 'german romanticism']"
357,"['abstract hip hop', 'alternative hip hop', 'hip hop', 'psychedelic hip hop', 'rap']"
358,"['abstract hip hop', 'alternative hip hop', 'hip hop', 'psychedelic hip hop', 'rap']"
359,"['abstract hip hop', 'alternative hip hop', 'hip hop', 'psychedelic hip hop', 'rap']"
360,"['abstract hip hop', 'alternative hip hop', 'hip hop', 'psychedelic hip hop', 'rap']"
361,"['abstract hip hop', 'alternative hip hop', 'hip hop', 'psychedelic hip hop', 'rap']"
362,"['abstract hip hop', 'alternative hip hop', 'hip hop', 'psychedelic hip hop', 'rap']"
363,"['abstract hip hop', 'alternative hip hop', 'hip hop', 'psychedelic hip hop', 'rap']"
364,"['abstract hip hop', 'alternative hip hop', 'hip hop', 'psychedelic hip hop', 'rap']"
365,"['abstract hip hop', 'alternative hip hop', 'hip hop', 'psychedelic hip hop', 'rap']"
366,"['abstract hip hop', 'alternative hip hop', 'hip hop', 'psychedelic hip hop', 'rap']"
367,"['abstract hip hop', 'alternative hip hop', 'hip hop', 'psychedelic hip hop', 'rap']"
368,"['abstract hip hop', 'alternative hip hop', 'hip hop', 'psychedelic hip hop', 'rap']"
369,"['abstract hip hop', 'alternative hip hop', 'hip hop', 'psychedelic hip hop', 'rap']"
370,"['abstract hip hop', 'alternative hip hop', 'hip hop', 'psychedelic hip hop', 'rap']"
371,"['abstract hip hop', 'alternative hip hop', 'hip hop', 'psychedelic hip hop', 'rap']"
372,"['abstract hip hop', 'alternative hip hop', 'hip hop', 'psychedelic hip hop', 'rap']"
373,"['abstract hip hop', 'alternative hip hop', 'hip hop', 'psychedelic hip hop', 'rap']"
374,"['boom bap brasileiro', 'brazilian hip hop', 'rap nacional antigo']"
375,['rap dominicano']
376,[]
377,"['boom bap brasileiro', 'brazilian hip hop', 'rap nacional antigo']"
378,"['boom bap brasileiro', 'brazilian hip hop', 'rap nacional antigo']"
379,"['boom bap brasileiro', 'brazilian hip hop', 'rap nacional antigo']"
380,"['boom bap brasileiro', 'brazilian hip hop', 'rap nacional antigo']"
381,['boom bap brasileiro']
382,[]
383,"['boom bap brasileiro', 'brazilian hip hop', 'rap nacional antigo']"
384,[]
385,"['boom bap brasileiro', 'brazilian hip hop', 'rap nacional antigo']"
386,"['boom bap brasileiro', 'brazilian hip hop', 'rap nacional antigo']"
387,['boom bap brasileiro']
388,"['boom bap brasileiro', 'brazilian hip hop', 'rap nacional antigo']"
389,['permanent wave']
390,['permanent wave']
391,['permanent wave']
392,['permanent wave']
393,['permanent wave']
394,['permanent wave']
395,['permanent wave']
396,['permanent wave']
397,['permanent wave']
398,['permanent wave']
399,['permanent wave']
400,['permanent wave']
401,['permanent wave']
402,['permanent wave']
403,['permanent wave']
404,['permanent wave']
405,['permanent wave']
406,"['alternative rock', 'indie pop', 'indie rock', 'melancholia', 'rock', 'singer-songwriter']"
407,"['alternative rock', 'indie pop', 'indie rock', 'melancholia', 'rock', 'singer-songwriter']"
408,"['alternative rock', 'indie pop', 'indie rock', 'melancholia', 'rock', 'singer-songwriter']"
409,"['alternative rock', 'indie pop', 'indie rock', 'melancholia', 'rock', 'singer-songwriter']"
410,"['alternative rock', 'indie pop', 'indie rock', 'melancholia', 'rock', 'singer-songwriter']"
411,"['alternative rock', 'indie pop', 'indie rock', 'melancholia', 'rock', 'singer-songwriter']"
412,"['alternative rock', 'indie pop', 'indie rock', 'melancholia', 'rock', 'singer-songwriter']"
413,"['alternative rock', 'indie pop', 'indie rock', 'melancholia', 'rock', 'singer-songwriter']"
414,"['alternative rock', 'indie pop', 'indie rock', 'melancholia', 'rock', 'singer-songwriter']"
415,"['alternative rock', 'indie pop', 'indie rock', 'melancholia', 'rock', 'singer-songwriter']"
416,"['alternative rock', 'indie pop', 'indie rock', 'melancholia', 'rock', 'singer-songwriter']"
417,"['alternative rock', 'indie pop', 'indie rock', 'melancholia', 'rock', 'singer-songwriter']"
418,"['alternative rock', 'indie pop', 'indie rock', 'melancholia', 'rock', 'singer-songwriter']"
419,"['alternative rock', 'indie pop', 'indie rock', 'melancholia', 'rock', 'singer-songwriter']"
420,"['alternative rock', 'indie pop', 'indie rock', 'melancholia', 'rock', 'singer-songwriter']"
421,"['boston hardcore', 'chaotic hardcore', 'mathcore', 'melodic hardcore', 'metalcore', 'post-doom metal', 'post-hardcore', 'sludge metal']"
422,"['boston hardcore', 'chaotic hardcore', 'mathcore', 'melodic hardcore', 'metalcore', 'post-doom metal', 'post-hardcore', 'sludge metal']"
423,"['boston hardcore', 'chaotic hardcore', 'mathcore', 'melodic hardcore', 'metalcore', 'post-doom metal', 'post-hardcore', 'sludge metal']"
424,"['boston hardcore', 'chaotic hardcore', 'mathcore', 'melodic hardcore', 'metalcore', 'post-doom metal', 'post-hardcore', 'sludge metal']"
425,"['boston hardcore', 'chaotic hardcore', 'mathcore', 'melodic hardcore', 'metalcore', 'post-doom metal', 'post-hardcore', 'sludge metal']"
426,"['boston hardcore', 'chaotic hardcore', 'mathcore', 'melodic hardcore', 'metalcore', 'post-doom metal', 'post-hardcore', 'sludge metal']"
427,"['boston hardcore', 'chaotic hardcore', 'mathcore', 'melodic hardcore', 'metalcore', 'post-doom metal', 'post-hardcore', 'sludge metal']"
428,"['boston hardcore', 'chaotic hardcore', 'mathcore', 'melodic hardcore', 'metalcore', 'post-doom metal', 'post-hardcore', 'sludge metal']"
429,"['boston hardcore', 'chaotic hardcore', 'mathcore', 'melodic hardcore', 'metalcore', 'post-doom metal', 'post-hardcore', 'sludge metal']"
430,"['boston hardcore', 'chaotic hardcore', 'mathcore', 'melodic hardcore', 'metalcore', 'post-doom metal', 'post-hardcore', 'sludge metal']"
431,"['boston hardcore', 'chaotic hardcore', 'mathcore', 'melodic hardcore', 'metalcore', 'post-doom metal', 'post-hardcore', 'sludge metal']"
432,"['boston hardcore', 'chaotic hardcore', 'mathcore', 'melodic hardcore', 'metalcore', 'post-doom metal', 'post-hardcore', 'sludge metal']"
433,"['boston hardcore', 'chaotic hardcore', 'mathcore', 'melodic hardcore', 'metalcore', 'post-doom metal', 'post-hardcore', 'sludge metal']"
